{
  "roc_auc": 0.6666666666666666,
  "balanced_accuracy": 0.5,
  "classification_report": {
    "0": {
      "precision": 0.0,
      "recall": 0.0,
      "f1-score": 0.0,
      "support": 3.0
    },
    "1": {
      "precision": 0.8846153846153846,
      "recall": 1.0,
      "f1-score": 0.9387755102040817,
      "support": 23.0
    },
    "accuracy": 0.8846153846153846,
    "macro avg": {
      "precision": 0.4423076923076923,
      "recall": 0.5,
      "f1-score": 0.46938775510204084,
      "support": 26.0
    },
    "weighted avg": {
      "precision": 0.7825443786982249,
      "recall": 0.8846153846153846,
      "f1-score": 0.8304552590266876,
      "support": 26.0
    }
  },
  "python_version": "3.13.5",
  "sklearn_version": "1.8.0",
  "pandas_version": "2.3.1"
}